[
  {
    "_id": { "$oid": "68c19cd4a1e9bffde6a400bd" },
    "userId": { "$oid": "68b3e6d3ab84446f8a820da4" },
    "type": "Hotel",
    "itemId": { "$oid": "68b3e871f3df316f49b8df18" },
    "bookingDetails": {
      "checkInDate": "2025-09-11",
      "checkOutDate": "2025-09-14",
      "price": { "$numberInt": "45000" },
      "status": "cancel",
      "bookingDate": {
        "$date": { "$numberLong": "1757519060969" }
      }
    },
    "createdAt": { "$date": { "$numberLong": "1757519060971" } },
    "__v": { "$numberInt": "0" }
  },
  {
    "_id": { "$oid": "68c94da5b5063d0061d8d0b3" },
    "userId": { "$oid": "68b3e6d3ab84446f8a820da4" },
    "type": "Tour",
    "itemId": { "$oid": "68b4980d584d7fb05795ebc1" },
    "bookingDetails": {
      "startDate": "2025-11-10",
      "endDate": "2025-11-16",
      "status": "cancel",
      "bookingDate": {
        "$date": { "$numberLong": "1758023077885" }
      },
      "price": { "$numberInt": "44550" }
    },
    "createdAt": { "$date": { "$numberLong": "1758023077888" } },
    "__v": { "$numberInt": "0" }
  }
]
