{"_id":{"$oid":"68b3e871f3df316f49b8df18"},"title":"Grand Paradise Resort","description":"A luxurious beachfront resort offering world-class amenities and stunning ocean views. Perfect for couples and families seeking an unforgettable tropical getaway.","address":"123 Ocean Drive, Miami Beach, FL 33139","location":"Florida","rating":{"$numberDouble":"4.8"},"currency":"INR","amenities":["Free WiFi","Swimming Pool","Spa","Fitness Center","Restaurant","Bar","Private-Garden","Concierge Service"],"mainImage":"https://images.unsplash.com/photo-1571896349842-33c89424de2d?w=800&h=600&fit=crop","images":["https://images.unsplash.com/photo-1582719478250-c89cae4dc85b?w=800&h=600&fit=crop","https://images.unsplash.com/photo-1564501049412-61c2a3083791?w=800&h=600&fit=crop","https://images.unsplash.com/photo-1571003123894-1f0594d2b5d9?w=800&h=600&fit=crop"],"faq":[{"question":"What time is check-in and check-out?","answer":"Check-in is at 3:00 PM and check-out is at 11:00 AM."},{"question":"Do you offer airport transportation?","answer":"Yes, we provide complimentary airport shuttle service. Please contact the concierge to arrange pickup."},{"question":"Is parking available?","answer":"Yes, we offer valet parking for $25 per night and self-parking for $15 per night."}],"policies":["No smoking in rooms","Pets allowed with $50 fee","Cancellation must be made 24 hours in advance","Valid ID required at check-in"],"features":{"dining":["Ocean View Restaurant","Pool Bar","Room Service"],"recreation":["Private Beach","Water Sports","Tennis Court","Golf Course"],"business":["Business Center","Meeting Rooms","Conference Hall"]},"roomType":[{"title":"Ocean View Suite","price":"15,000","rating":{"$numberDouble":"3.5"},"features":["King Bed","Ocean View","Balcony","Mini Bar","Jacuzzi"],"image":"https://images.unsplash.com/photo-1631049307264-da0ec9d70304?w=800&h=600&fit=crop"},{"title":"Standard Room","price":"20,000","rating":{"$numberDouble":"4.6"},"features":["Queen Bed","City View","Work Desk","Coffee Maker"],"image":"https://images.unsplash.com/photo-1611892440504-42a792e24d32?w=800&h=600&fit=crop"}]}
{"_id":{"$oid":"68b3e871f3df316f49b8df19"},"title":"Mountain Lodge Retreat","description":"A cozy mountain retreat nestled in the heart of the Rocky Mountains. Experience breathtaking views, hiking trails, and rustic charm.","address":"456 Alpine Way, Aspen, CO 81611","location":"Colorado","rating":{"$numberDouble":"4.6"},"currency":"INR","amenities":["Free WiFi","Fireplace","Hot Tub","Hiking Trails","Restaurant","Ski Storage","Shuttle Service"],"mainImage":"https://images.unsplash.com/photo-1542314831-068cd1dbfeeb?w=800&h=600&fit=crop","images":["https://images.unsplash.com/photo-1449824913935-59a10b8d2000?w=800&h=600&fit=crop","https://images.unsplash.com/photo-1571770095004-6b61b1cf308a?w=800&h=600&fit=crop","https://www.travelandleisure.com/thmb/B-7ZHCVYQqJG-uM3TgHW3SZygJY=/1500x0/filters:no_upscale():max_bytes(150000):strip_icc()/whiteface-lodge-lake-placid-ny-MNTNRESORTS1020-498d51c12a2941a8be77df486fcbe4a3.jpg"],"faq":[{"question":"Are ski passes included?","answer":"Ski passes are not included but can be purchased at a discounted rate through our concierge."},{"question":"Do you have equipment rental?","answer":"We partner with a local ski shop for equipment rental with delivery to the lodge."}],"policies":["Check-in after 4:00 PM","Quiet hours 10 PM - 8 AM","No pets allowed","Smoking only in designated outdoor areas"],"features":{"winter":["Ski-in/Ski-out","Equipment Storage","Boot Warmers"],"dining":["Mountain View Restaurant","Fireside Lounge"],"wellness":["Spa Services","Hot Tub","Sauna"]},"roomType":[{"title":"Mountain View Cabin","price":"24,500","rating":{"$numberDouble":"4.8"},"features":["Fireplace","Mountain View","Kitchenette","Private Deck"],"image":"https://images.unsplash.com/photo-1506905925346-21bda4d32df4?w=800&h=600&fit=crop"},{"title":"Standard Lodge Room","price":"12,000","rating":{"$numberDouble":"4.4"},"features":["Twin Beds","Forest View","Shared Balcony"],"image":"https://images.unsplash.com/photo-1584132967334-10e028bd69f7?w=800&h=600&fit=crop"}]}
{"_id":{"$oid":"68b3e871f3df316f49b8df1a"},"title":"City Center Business Hotel","description":"Modern business hotel in the heart of downtown. Perfect for business travelers with state-of-the-art facilities and convenient location.","address":"789 Corporate Blvd, New York, NY 10001","location":"New York","rating":{"$numberDouble":"4.4"},"currency":"INR","amenities":["Free WiFi","Business Center","Fitness Center","Executive Lounge","24/7 Room Service","Workstation"],"mainImage":"https://images.unsplash.com/photo-1566073771259-6a8506099945?w=800&h=600&fit=crop","images":["https://images.unsplash.com/photo-1551882547-ff40c63fe5fa?w=800&h=600&fit=crop","https://images.unsplash.com/photo-1578774204375-826dc5d996ed?w=800&h=600&fit=crop","https://images.unsplash.com/photo-1590490360182-c33d57733427?w=800&h=600&fit=crop"],"faq":[{"question":"Do you offer meeting rooms?","answer":"Yes, we have 5 meeting rooms and a conference center that can accommodate up to 200 people."},{"question":"Is there a business center?","answer":"Yes, our 24/7 business center offers printing, copying, and computer services."}],"policies":["Express check-in/out available","Executive floor access with key card","No smoking anywhere in hotel","Valid corporate ID for corporate rates"],"features":{"business":["Conference Rooms","Presentation Equipment","High-Speed Internet"],"dining":["Executive Restaurant","Coffee Shop","Rooftop Bar"],"services":["Concierge","Dry Cleaning","Airport Shuttle"]},"roomType":[{"title":"Executive Suite","price":"30,000","rating":{"$numberDouble":"4.7"},"features":["Separate Living Area","City View","Executive Lounge Access","Work Desk"],"image":"https://images.unsplash.com/photo-1618773928121-c32242e63f39?w=800&h=600&fit=crop"},{"title":"Business Room","price":"16,000","rating":{"$numberDouble":"4.3"},"features":["King Bed","Work Station","High-Speed Internet","Coffee Machine"],"image":"https://images.unsplash.com/photo-1586023492125-27b2c045efd7?w=800&h=600&fit=crop"}]}
{"_id":{"$oid":"68b3e871f3df316f49b8df1b"},"title":"Boutique Garden Hotel","description":"Charming boutique hotel surrounded by beautiful gardens. A peaceful oasis combining modern luxury with natural beauty.","address":"321 Garden Lane, Charleston, SC 29401","location":"South Carolina","rating":{"$numberDouble":"4.7"},"currency":"INR","amenities":["Private-Kitchen","Garden Views","Spa","Private Mini-bar","Wine Cellar","Library","Yoga Classes"],"mainImage":"https://images.unsplash.com/photo-1520250497591-112f2f40a3f4?w=800&h=600&fit=crop","images":["https://images.unsplash.com/photo-1544148103-0773bf10d330?w=800&h=600&fit=crop","https://images.unsplash.com/photo-1582719508461-905c673771fd?w=800&h=600&fit=crop","https://images.unsplash.com/photo-1563013544-824ae1b704d3?w=800&h=600&fit=crop"],"faq":[{"question":"Can I have my wedding here?","answer":"Yes, we offer wedding packages with garden ceremony and reception options."},{"question":"Are the gardens open to all guests?","answer":"Yes, all guests have access to our award-winning gardens and walking paths."}],"policies":["Adults only (18+)","Garden wedding events welcome","No smoking in garden areas","Quiet policy after 9 PM"],"features":{"gardens":["Rose Garden","Herb Garden","Meditation Path"],"dining":["Farm-to-Table Restaurant","Garden Café","Wine Tasting Room"],"wellness":["Spa Treatments","Yoga Pavilion","Walking Trails"]},"roomType":[{"title":"Garden Suite","price":"45,000","rating":{"$numberDouble":"4.9"},"features":["Private Garden Access","Clawfoot Tub","Antique Furnishings","French Doors"],"image":"https://images.unsplash.com/photo-1591088398332-8a7791972843?w=800&h=600&fit=crop"},{"title":"Cottage Room","price":"17,000","rating":{"$numberDouble":"4.6"},"features":["Garden View","Four-Poster Bed","Reading Nook","Mini Fridge"],"image":"https://images.unsplash.com/photo-1586985289688-ca3cf47d3e6e?w=800&h=600&fit=crop"}]}
{"_id":{"$oid":"68b3e871f3df316f49b8df1c"},"title":"Desert Oasis Resort","description":"Luxury desert resort offering a unique blend of adventure and relaxation. Experience stunning sunsets, stargazing, and desert activities.","address":"987 Cactus Road, Scottsdale, AZ 85251","location":"Arizona","rating":{"$numberDouble":"4.5"},"currency":"INR","amenities":["Free WiFi","Desert Pool","Spa","Fire Pit","Horseback Riding","Stargazing Tours","Desert Hiking"],"mainImage":"https://images.unsplash.com/photo-1439066615861-d1af74d74000?w=800&h=600&fit=crop","images":["https://images.unsplash.com/photo-1506905925346-21bda4d32df4?w=800&h=600&fit=crop","https://images.unsplash.com/photo-1584132967334-10e028bd69f7?w=800&h=600&fit=crop","https://images.unsplash.com/photo-1540541338287-41700207dee6?w=800&h=600&fit=crop"],"faq":[{"question":"What desert activities do you offer?","answer":"We offer guided desert hikes, horseback riding, ATV tours, and stargazing experiences."},{"question":"Is the pool heated?","answer":"Yes, our pools are heated year-round and we have both a main pool and adults-only pool."}],"policies":["Sun protection recommended","Closed-toe shoes required for desert activities","No glass containers at pool area","Advance booking required for activities"],"features":{"recreation":["Championship Golf Course","Tennis Courts","Horseback Riding"],"dining":["Southwest Cuisine Restaurant","Poolside Grill","Sunset Lounge"],"adventure":["Guided Hikes","ATV Tours","Rock Climbing"]},"roomType":[{"title":"Desert Villa","price":"40,000","rating":{"$numberDouble":"4.8"},"features":["Private Pool","Desert View","Outdoor Shower","Fire Pit"],"image":"https://images.unsplash.com/photo-1512918728675-ed5a9ecdebfd?w=800&h=600&fit=crop"},{"title":"Casita Room","price":"25,000","rating":{"$numberDouble":"4.4"},"features":["Patio","Southwestern Décor","Mountain View","Kitchenette"],"image":"https://images.unsplash.com/photo-1578985545062-69928b1d9587?w=800&h=600&fit=crop"}]}
