{"_id":{"$oid":"68b4980d584d7fb05795ebc1"},"title":"Golden Triangle Heritage Tour","tags":["heritage","monuments","culture","unesco","history","taj-mahal"],"mainImage":"https://images.unsplash.com/photo-1564507592333-c60657eea523?w=800&h=600&fit=crop","images":["https://images.unsplash.com/photo-1587474260584-136574528ed5?w=800&h=600&fit=crop","https://images.unsplash.com/photo-1602216056096-3b40cc0c9944?w=800&h=600&fit=crop","https://images.unsplash.com/photo-1518548419970-58e3b4079ab2?w=800&h=600&fit=crop"],"rating":{"$numberDouble":"4.9"},"duration":"7 days","startLocation":"Delhi","description":"Explore India's most iconic destinations on this classic Golden Triangle tour. From the bustling capital of Delhi to the magnificent Taj Mahal in Agra and the royal palaces of Jaipur, experience the grandeur of India's Mughal and Rajput heritage.","language":"English","price":{"currency":"INR","amount":{"$numberInt":"45000"},"discount":{"$numberDouble":"0.01"}},"includes":["Airport transfers","6 nights luxury hotels","Daily breakfast","Professional guide","All monument entries","Private air-conditioned vehicle"],"destinations":[{"name":"Delhi","image":"https://images.unsplash.com/photo-1587474260584-136574528ed5?w=400&h=300&fit=crop"},{"name":"Agra","image":"https://images.unsplash.com/photo-1564507592333-c60657eea523?w=400&h=300&fit=crop"},{"name":"Jaipur","image":"https://images.unsplash.com/photo-1602216056096-3b40cc0c9944?w=400&h=300&fit=crop"}],"itinerary":[{"day":{"$numberInt":"1"},"location":"Delhi","activities":["Airport pickup","Red Fort visit","Chandni Chowk exploration"]},{"day":{"$numberInt":"2"},"location":"Delhi","activities":["India Gate","Lotus Temple","Qutub Minar"]},{"day":{"$numberInt":"3"},"location":"Agra","activities":["Drive to Agra","Taj Mahal sunset","Local market visit"]},{"day":{"$numberInt":"4"},"location":"Agra","activities":["Taj Mahal sunrise","Agra Fort","Mehtab Bagh gardens"]},{"day":{"$numberInt":"5"},"location":"Jaipur","activities":["Drive to Jaipur","City Palace","Jantar Mantar"]}],"availableMonths":["October","November","December","January","February","March"],"bookingDetails":[{"startDate":"2025-11-10","startDay":"Monday","endDate":"2025-11-16","endDay":"Sunday","status":"available","discount":{"$numberDouble":"0.01"}},{"startDate":"2025-12-15","startDay":"Monday","endDate":"2025-12-21","endDay":"Sunday","status":"limited","discount":{"$numberDouble":"0.02"}}]}
{"_id":{"$oid":"68b4980d584d7fb05795ebc2"},"title":"Kerala Backwaters & Spice Trail","tags":["backwaters, spices, ayurveda, houseboats, nature, wellness"],"mainImage":"https://images.unsplash.com/photo-1602216056096-3b40cc0c9944?w=800&h=600&fit=crop","images":["https://images.unsplash.com/photo-1566552881560-0be862a7c445?w=800&h=600&fit=crop, https://images.unsplash.com/photo-1578662996442-48f60103fc96?w=800&h=600&fit=crop, https://images.unsplash.com/photo-1582719471384-894fbb16e074?w=800&h=600&fit=crop"],"rating":{"$numberDouble":"4.7"},"duration":"9 days","startLocation":"Kochi","description":"Journey through God's Own Country on this enchanting Kerala tour. Cruise the tranquil backwaters, explore aromatic spice plantations, and experience rejuvenating Ayurvedic treatments in this tropical paradise.","language":"English","price":{"currency":"INR","amount":{"$numberInt":"38500"},"discount":{"$numberDouble":"0.01"}},"includes":["Airport transfers, 8 nights accommodation, Houseboat stay (1 night), Daily breakfast, Ayurveda massage, Spice plantation tour"],"destinations":[{"name":"Alleppey Backwaters","image":"https://images.unsplash.com/photo-1602216056096-3b40cc0c9944?w=400&h=300&fit=crop","_id":{"$oid":"68b6f675dcc156400c6b7a82"}},{"name":"Munnar Hills","image":"https://images.unsplash.com/photo-1566552881560-0be862a7c445?w=400&h=300&fit=crop","_id":{"$oid":"68b6f675dcc156400c6b7a83"}},{"name":"Periyar Wildlife Sanctuary","image":"https://lh3.googleusercontent.com/gps-cs-s/AC9h4nqdivMvs9CHNfIO-_c-aDeVA2fUw4xYOdQCCTsnujpDTJ1Y_RUh2t91sgkuUjKrvWGp0kHjXbLSIvvoC5e6R4zTNEyLqLoqK3Z1x8VQPv1lEQUfKiJFbA3DQfTB4sBNBhyTJ7cv=s1360-w1360-h1020-rw","_id":{"$oid":"68b6f675dcc156400c6b7a84"}}],"itinerary":[{"day":{"$numberInt":"1"},"location":"Kochi","activities":["Airport arrival","Chinese fishing nets","Mattancherry Palace"],"_id":{"$oid":"68b6f675dcc156400c6b7a85"}},{"day":{"$numberInt":"2"},"location":"Munnar","activities":["Drive to Munnar","Tea plantation visit","Eravikulam National Park"],"_id":{"$oid":"68b6f675dcc156400c6b7a86"}},{"day":{"$numberInt":"3"},"location":"Munnar","activities":["Mattupetty Dam","Echo Point","Spice garden tour"],"_id":{"$oid":"68b6f675dcc156400c6b7a87"}},{"day":{"$numberInt":"4"},"location":"Periyar","activities":["Wildlife sanctuary","Boat safari","Spice plantation walk"],"_id":{"$oid":"68b6f675dcc156400c6b7a88"}}],"availableMonths":["October, November, December, January, February, March, April"],"bookingDetails":[{"startDate":"2025-12-01","startDay":"Monday","endDate":"2025-12-09","endDay":"Tuesday","status":"available","discount":{"$numberDouble":"0.01"},"_id":{"$oid":"68b6f675dcc156400c6b7a89"}},{"startDate":"2026-01-15","startDay":"Thursday","endDate":"2026-01-23","endDay":"Friday","status":"available","discount":{"$numberInt":"0"},"_id":{"$oid":"68b6f675dcc156400c6b7a8a"}}]}
{"_id":{"$oid":"68b4980d584d7fb05795ebc3"},"title":"Rajasthan Royal Desert Tour","tags":["desert","palaces","royalty","camels","culture","forts"],"mainImage":"https://imgcld.yatra.com/ytimages/image/upload/t_seo_Holidays_w_640_h_480_c_fill_g_auto_q_auto:good_f_jpg/v1462947301/Jaisalmer_overview2.jpg","images":["https://images.unsplash.com/photo-1518548419970-58e3b4079ab2?w=800&h=600&fit=crop","https://images.unsplash.com/photo-1631392829938-83b8aef36b8c?w=800&h=600&fit=crop","https://images.unsplash.com/photo-1506905925346-21bda4d32df4?w=800&h=600&fit=crop"],"rating":{"$numberDouble":"4.8"},"duration":"12 days","startLocation":"Jaipur","description":"Discover the royal splendor of Rajasthan with visits to magnificent forts, opulent palaces, and the golden Thar Desert. Experience camel safaris, folk performances, and stay in heritage hotels fit for royalty.","language":"English","price":{"currency":"INR","amount":{"$numberInt":"52000"},"discount":{"$numberDouble":"0.01"}},"includes":["All transfers","11 nights heritage hotels","All meals","Camel safari","Folk performances","Professional guide"],"destinations":[{"name":"Jaipur","image":"https://images.unsplash.com/photo-1518548419970-58e3b4079ab2?w=400&h=300&fit=crop"},{"name":"Jodhpur","image":"https://upload.wikimedia.org/wikipedia/commons/9/99/Mehrangarh_Fort_sanhita.jpg"},{"name":"Jaisalmer","image":"https://encrypted-tbn0.gstatic.com/images?q=tbn:ANd9GcQ2MmREpzcFM0BOp-NCMS2trX1_XzIjBawACA&s"}],"itinerary":[{"day":{"$numberInt":"1"},"location":"Jaipur","activities":["Arrival","Hawa Mahal","City Palace tour"]},{"day":{"$numberInt":"2"},"location":"Jaipur","activities":["Amber Fort","Elephant ride","Local handicrafts shopping"]},{"day":{"$numberInt":"3"},"location":"Jodhpur","activities":["Drive to Jodhpur","Mehrangarh Fort","Blue city walk"]},{"day":{"$numberInt":"4"},"location":"Jaisalmer","activities":["Desert drive","Golden Fort","Camel safari"]}],"availableMonths":["October","November","December","January","February","March"],"bookingDetails":[{"startDate":"2025-11-01","startDay":"Saturday","endDate":"2025-11-12","endDay":"Wednesday","status":"available","discount":{"$numberDouble":"0.01"}},{"startDate":"2025-12-20","startDay":"Saturday","endDate":"2025-12-31","endDay":"Wednesday","status":"limited","discount":{"$numberDouble":"0.02"}}]}
{"_id":{"$oid":"68b4980d584d7fb05795ebc4"},"title":"Himalayan Adventure Trek","tags":["trekking","mountains","adventure","himalayas","spiritual","nature"],"mainImage":"https://images.unsplash.com/photo-1506905925346-21bda4d32df4?w=800&h=600&fit=crop","images":["https://images.unsplash.com/photo-1551524164-6ca04ac833fb?w=800&h=600&fit=crop","https://images.unsplash.com/photo-1578662996442-48f60103fc96?w=800&h=600&fit=crop","https://images.unsplash.com/photo-1562788869-4ed32648eb72?w=800&h=600&fit=crop"],"rating":{"$numberDouble":"4.6"},"duration":"14 days","startLocation":"Manali","description":"Embark on an epic Himalayan adventure through the pristine valleys of Himachal Pradesh. Trek through ancient mountain passes, visit remote Buddhist monasteries, and witness breathtaking views of snow-capped peaks.","language":"English","price":{"currency":"INR","amount":{"$numberInt":"42000"},"discount":{"$numberDouble":"0.01"}},"includes":["All transfers","13 nights accommodation","All meals during trek","Professional trek guide","Camping equipment","Permits and fees"],"destinations":[{"name":"Manali","image":"https://images.unsplash.com/photo-1506905925346-21bda4d32df4?w=400&h=300&fit=crop"},{"name":"Spiti Valley","image":"https://meetmyholiders.com/wp-content/uploads/2017/06/spiti-valley-c-870x555.jpg"},{"name":"Rohtang Pass","image":"https://d2rdhxfof4qmbb.cloudfront.net/wp-content/uploads/2024/09/RohtangPass-1024x509.jpg"}],"itinerary":[{"day":{"$numberInt":"1"},"location":"Manali","activities":["Arrival","Hadimba Temple","Mall Road exploration"]},{"day":{"$numberInt":"2"},"location":"Manali","activities":["Rohtang Pass excursion","Solang Valley","Adventure activities"]},{"day":{"$numberInt":"3"},"location":"Spiti Valley","activities":["Drive to Kaza","Ki Monastery","Kibber village"]},{"day":{"$numberInt":"4"},"location":"Spiti Valley","activities":["Chandratal Lake","High altitude camping","Stargazing"]}],"availableMonths":["May","June","July","August","September"],"bookingDetails":[{"startDate":"2025-06-15","startDay":"Sunday","endDate":"2025-06-28","endDay":"Saturday","status":"available","discount":{"$numberDouble":"0.01"}},{"startDate":"2025-08-01","startDay":"Friday","endDate":"2025-08-14","endDay":"Thursday","status":"limited","discount":{"$numberInt":"0"}}]}
{"_id":{"$oid":"68b4980d584d7fb05795ebc5"},"title":"Goa Beach & Culture Escape","tags":["beaches","portuguese-heritage","seafood","nightlife","churches","relaxation"],"mainImage":"https://images.unsplash.com/photo-1512343879784-a960bf40e7f2?w=800&h=600&fit=crop","images":["https://images.unsplash.com/photo-1559827260-dc66d52bef19?w=800&h=600&fit=crop","https://images.unsplash.com/photo-1590076215667-875d4cc2bf90?w=800&h=600&fit=crop","https://images.unsplash.com/photo-1597659840241-37e2b9c2f55f?w=800&h=600&fit=crop"],"rating":{"$numberDouble":"4.5"},"duration":"6 days","startLocation":"Goa","description":"Relax on pristine beaches and explore the unique Portuguese-influenced culture of Goa. From historic churches to vibrant markets, beach shacks to spice plantations, experience the perfect blend of relaxation and cultural discovery.","language":"English","price":{"currency":"INR","amount":{"$numberInt":"28000"},"discount":{"$numberDouble":"0.15"}},"includes":["Airport transfers","5 nights beach resort","Daily breakfast","Spice plantation tour","River cruise","Cultural performances"],"destinations":[{"name":"North Goa Beaches","image":"https://images.unsplash.com/photo-1512343879784-a960bf40e7f2?w=400&h=300&fit=crop"},{"name":"Old Goa Churches","image":"https://images.unsplash.com/photo-1559827260-dc66d52bef19?w=400&h=300&fit=crop"},{"name":"Spice Plantations","image":"https://images.unsplash.com/photo-1590076215667-875d4cc2bf90?w=400&h=300&fit=crop"}],"itinerary":[{"day":{"$numberInt":"1"},"location":"North Goa","activities":["Airport pickup","Beach resort check-in","Sunset at Anjuna Beach"]},{"day":{"$numberInt":"2"},"location":"Old Goa","activities":["Basilica of Bom Jesus","Se Cathedral","Archaeological Museum"]},{"day":{"$numberInt":"3"},"location":"Panaji","activities":["Spice plantation tour","Traditional Goan lunch","River cruise"]},{"day":{"$numberInt":"4"},"location":"South Goa","activities":["Colva Beach","Margao market","Portuguese architecture tour"]}],"availableMonths":["October","November","December","January","February","March","April"],"bookingDetails":[{"startDate":"2025-12-10","startDay":"Wednesday","endDate":"2025-12-15","endDay":"Monday","status":"available","discount":{"$numberDouble":"0.2"}},{"startDate":"2026-02-01","startDay":"Sunday","endDate":"2026-02-06","endDay":"Friday","status":"available","discount":{"$numberDouble":"0.15"}}]}
{"_id":{"$oid":"68b4980d584d7fb05795ebc6"},"title":"Spiritual Varanasi & Rishikesh Journey","tags":["spiritual","yoga","ganges","temples","meditation","pilgrimage"],"mainImage":"https://images.unsplash.com/photo-1561361513-2d000a50f0dc?w=800&h=600&fit=crop","images":["https://images.unsplash.com/photo-1512343879784-a960bf40e7f2?w=800&h=600&fit=crop","https://images.unsplash.com/photo-1590736969955-71cc94901144?w=800&h=600&fit=crop","https://images.unsplash.com/photo-1582719471384-894fbb16e074?w=800&h=600&fit=crop"],"rating":{"$numberDouble":"4.7"},"duration":"8 days","startLocation":"Varanasi","description":"Embark on a transformative spiritual journey through India's most sacred cities. Witness ancient rituals on the Ganges ghats in Varanasi and find inner peace with yoga and meditation in Rishikesh, the Yoga Capital of the World.","language":"English","price":{"currency":"INR","amount":{"$numberInt":"32000"},"discount":{"$numberDouble":"0.01"}},"includes":["All transfers","7 nights accommodation","Daily breakfast","Yoga sessions","Ganga Aarti ceremony","Meditation workshops"],"destinations":[{"name":"Varanasi Ghats","image":"https://images.unsplash.com/photo-1561361513-2d000a50f0dc?w=400&h=300&fit=crop"},{"name":"Rishikesh","image":"https://images.unsplash.com/photo-1590736969955-71cc94901144?w=400&h=300&fit=crop"},{"name":"Haridwar","image":"https://images.unsplash.com/photo-1582719471384-894fbb16e074?w=400&h=300&fit=crop"}],"itinerary":[{"day":{"$numberInt":"1"},"location":"Varanasi","activities":["Arrival","Evening Ganga Aarti","Boat ride on Ganges"]},{"day":{"$numberInt":"2"},"location":"Varanasi","activities":["Sunrise boat ride","Kashi Vishwanath Temple","Sarnath excursion"]},{"day":{"$numberInt":"3"},"location":"Varanasi","activities":["Walking tour of ghats","Silk weaving workshop","Cooking class"]},{"day":{"$numberInt":"4"},"location":"Rishikesh","activities":["Travel to Rishikesh","Lakshman Jhula","Evening yoga session"]}],"availableMonths":["October","November","December","January","February","March","April"],"bookingDetails":[{"startDate":"2025-11-20","startDay":"Thursday","endDate":"2025-11-27","endDay":"Thursday","status":"available","discount":{"$numberDouble":"0.012"}},{"startDate":"2026-01-10","startDay":"Saturday","endDate":"2026-01-17","endDay":"Saturday","status":"available","discount":{"$numberDouble":"0.012"}}]}
{"_id":{"$oid":"68b4980d584d7fb05795ebc7"},"title":"South Indian Temple Circuit","tags":["temples","architecture","culture","heritage","cuisine","classical-arts"],"mainImage":"https://experiencemyindia.com/wp-content/uploads/2024/11/Mahabalipuram.jpg","images":["https://images.unsplash.com/photo-1559827260-dc66d52bef19?w=800&h=600&fit=crop","https://images.unsplash.com/photo-1561361513-2d000a50f0dc?w=800&h=600&fit=crop","https://images.unsplash.com/photo-1590076215667-875d4cc2bf90?w=800&h=600&fit=crop"],"rating":{"$numberDouble":"4.8"},"duration":"10 days","startLocation":"Chennai","description":"Explore the magnificent temple architecture and rich cultural heritage of South India. From the shore temples of Mahabalipuram to the grand temples of Madurai and Thanjavur, witness centuries of artistic excellence.","language":"English","price":{"currency":"INR","amount":{"$numberInt":"36000"},"discount":{"$numberDouble":"0.01"}},"includes":["Airport transfers","9 nights accommodation","Daily breakfast","Temple entry fees","Classical dance performance","Professional guide"],"destinations":[{"name":"Mahabalipuram","image":"https://experiencemyindia.com/wp-content/uploads/2024/11/Mahabalipuram.jpg"},{"name":"Madurai","image":"https://images.unsplash.com/photo-1559827260-dc66d52bef19?w=400&h=300&fit=crop"},{"name":"Thanjavur","image":"https://images.unsplash.com/photo-1561361513-2d000a50f0dc?w=400&h=300&fit=crop"}],"itinerary":[{"day":{"$numberInt":"1"},"location":"Chennai","activities":["Arrival","Kapaleeshwarar Temple","Marina Beach"]},{"day":{"$numberInt":"2"},"location":"Mahabalipuram","activities":["Shore Temple","Five Rathas","Arjuna's Penance"]},{"day":{"$numberInt":"3"},"location":"Pondicherry","activities":["French Quarter walk","Aurobindo Ashram","Beach promenade"]},{"day":{"$numberInt":"4"},"location":"Thanjavur","activities":["Brihadeeswara Temple","Bronze gallery","Palace museum"]}],"availableMonths":["November","December","January","February","March"],"bookingDetails":[{"startDate":"2025-12-05","startDay":"Friday","endDate":"2025-12-14","endDay":"Sunday","status":"available","discount":{"$numberDouble":"0.12"}},{"startDate":"2026-01-20","startDay":"Tuesday","endDate":"2026-01-29","endDay":"Thursday","status":"available","discount":{"$numberDouble":"0.12"}}]}
